run_tag,team_member,search_keyword,published_after,candidate_video_ids,videos_fetched,comments_fetched,run_started_at_utc,logged_at_utc
20260402_212816,leader,desk setup tech gadgets,2026-03-03T13:28:16Z,100,100,405,2026-04-02T13:28:16Z,2026-04-02T13:29:00Z
20260402_212816,leader,gaming setup accessories,2026-03-03T13:28:16Z,100,100,883,2026-04-02T13:28:16Z,2026-04-02T13:29:35Z
20260402_212816,leader,what's in my bag tech,2026-03-03T13:28:16Z,83,83,1428,2026-04-02T13:28:16Z,2026-04-02T13:30:13Z
20260402_212816,leader,college tech essentials,2026-03-03T13:28:16Z,2,2,5,2026-04-02T13:28:16Z,2026-04-02T13:30:16Z
20260402_212816,leader,camera bag setup,2026-03-03T13:28:16Z,68,68,798,2026-04-02T13:28:16Z,2026-04-02T13:30:40Z
20260402_212816,leader,minimalist tech setup,2026-03-03T13:28:16Z,100,100,605,2026-04-02T13:28:16Z,2026-04-02T13:31:04Z
20260402_212816,leader,EDC setup gadgets,2026-03-03T13:28:16Z,70,70,1300,2026-04-02T13:28:16Z,2026-04-02T13:31:30Z
20260402_212816,leader,everyday carry tech EDC,2026-03-03T13:28:16Z,100,100,513,2026-04-02T13:28:16Z,2026-04-02T13:31:57Z
20260402_212816,leader,daily carry gadgets,2026-03-03T13:28:16Z,100,100,569,2026-04-02T13:28:16Z,2026-04-02T13:32:21Z
20260402_212816,leader,travel gadgets packing,2026-03-03T13:28:16Z,98,98,1110,2026-04-02T13:28:16Z,2026-04-02T13:32:44Z
20260402_212816,leader,photography gear setup,2026-03-03T13:28:16Z,98,98,791,2026-04-02T13:28:16Z,2026-04-02T13:33:09Z
20260402_212816,leader,work from home setup tech,2026-03-03T13:28:16Z,100,100,479,2026-04-02T13:28:16Z,2026-04-02T13:33:42Z
20260402_212816,leader,tech travel setup,2026-03-03T13:28:16Z,72,72,1258,2026-04-02T13:28:16Z,2026-04-02T13:34:08Z
20260402_212816,leader,drone travel setup,2026-03-03T13:28:16Z,53,53,394,2026-04-02T13:28:16Z,2026-04-02T13:34:31Z
20260402_212816,leader,safe storage for electronics,2026-03-03T13:28:16Z,42,42,28,2026-04-02T13:28:16Z,2026-04-02T13:34:37Z
20260402_212816,leader,how to store cables,2026-03-03T13:28:16Z,44,44,108,2026-04-02T13:28:16Z,2026-04-02T13:34:50Z
20260402_212816,leader,how to pack tech for travel,2026-03-03T13:28:16Z,14,14,165,2026-04-02T13:28:16Z,2026-04-02T13:34:55Z
20260402_212816,leader,how to protect electronics,2026-03-03T13:28:16Z,75,75,303,2026-04-02T13:28:16Z,2026-04-02T13:35:14Z
20260402_212816,leader,how to prevent scratches on devices,2026-03-03T13:28:16Z,11,11,1,2026-04-02T13:28:16Z,2026-04-02T13:35:16Z
20260402_212816,leader,how to organize tech accessories,2026-03-03T13:28:16Z,12,12,34,2026-04-02T13:28:16Z,2026-04-02T13:35:23Z
20260402_212816,leader,how to organize backpack tech,2026-03-03T13:28:16Z,10,10,3,2026-04-02T13:28:16Z,2026-04-02T13:35:26Z
20260402_212816,leader,how to store drone,2026-03-03T13:28:16Z,100,100,1162,2026-04-02T13:28:16Z,2026-04-02T13:36:11Z
20260402_212816,leader,how to carry camera safely,2026-03-03T13:28:16Z,0,0,0,2026-04-02T13:28:16Z,2026-04-02T13:36:11Z
20260402_212816,leader,best way to protect gadgets,2026-03-03T13:28:16Z,43,43,266,2026-04-02T13:28:16Z,2026-04-02T13:36:33Z
20260402_212816,leader,drone accessories review,2026-03-03T13:28:16Z,25,25,14,2026-04-02T13:28:16Z,2026-04-02T13:36:39Z
20260402_212816,leader,gadget storage solutions review,2026-03-03T13:28:16Z,18,18,51,2026-04-02T13:28:16Z,2026-04-02T13:36:43Z
20260402_212816,leader,tech organizer review,2026-03-03T13:28:16Z,26,26,672,2026-04-02T13:28:16Z,2026-04-02T13:37:01Z
20260402_212816,leader,camera accessories review,2026-03-03T13:28:16Z,80,80,8733,2026-04-02T13:28:16Z,2026-04-02T13:39:03Z
20260402_212816,leader,electronics carrying case review,2026-03-03T13:28:16Z,35,35,49,2026-04-02T13:28:16Z,2026-04-02T13:39:11Z
20260402_212816,leader,new gadgets you must have,2026-03-03T13:28:16Z,98,98,357,2026-04-02T13:28:16Z,2026-04-02T13:39:45Z
20260402_212816,leader,latest tech accessories,2026-03-03T13:28:16Z,98,98,6363,2026-04-02T13:28:16Z,2026-04-02T13:41:19Z
20260402_212816,leader,amazon tech finds,2026-03-03T13:28:16Z,100,100,227,2026-04-02T13:28:16Z,2026-04-02T13:41:48Z
20260402_212816,leader,viral tech gadgets,2026-03-03T13:28:16Z,99,99,122,2026-04-02T13:28:16Z,2026-04-02T13:42:27Z
20260402_212816,leader,cool gadgets you need,2026-03-03T13:28:16Z,100,100,621,2026-04-02T13:28:16Z,2026-04-02T13:43:16Z
20260402_210802,member_1,how to store headphones,2026-03-03T13:08:02Z,76,76,677,2026-04-02T13:08:02Z,2026-04-02T13:08:35Z
20260402_210802,member_1,macbook scratched easily,2026-03-03T13:08:02Z,13,13,34,2026-04-02T13:08:02Z,2026-04-02T13:08:39Z
20260402_210802,member_1,safe storage for macbook,2026-03-03T13:08:02Z,2,2,25,2026-04-02T13:08:02Z,2026-04-02T13:08:40Z
20260402_210802,member_1,safe storage for earbuds,2026-03-03T13:08:02Z,0,0,0,2026-04-02T13:08:02Z,2026-04-02T13:08:40Z
20260402_210802,member_1,tablet damaged in bag,2026-03-03T13:08:02Z,0,0,0,2026-04-02T13:08:02Z,2026-04-02T13:08:40Z
20260402_210802,member_1,airpods easy to break,2026-03-03T13:08:02Z,0,0,0,2026-04-02T13:08:02Z,2026-04-02T13:08:41Z
20260402_210802,member_1,earbuds damaged in bag,2026-03-03T13:08:02Z,0,0,0,2026-04-02T13:08:02Z,2026-04-02T13:08:41Z
20260402_210802,member_1,no good case for macbook,2026-03-03T13:08:02Z,7,7,2504,2026-04-02T13:08:02Z,2026-04-02T13:09:00Z
20260402_210802,member_1,safe storage for airpods,2026-03-03T13:08:02Z,1,1,0,2026-04-02T13:08:02Z,2026-04-02T13:09:01Z
20260402_210802,member_1,ipad easy to break,2026-03-03T13:08:02Z,3,3,3,2026-04-02T13:08:02Z,2026-04-02T13:09:01Z
20260402_210802,member_1,earbuds scratched easily,2026-03-03T13:08:02Z,5,5,8,2026-04-02T13:08:02Z,2026-04-02T13:09:03Z
20260402_210802,member_1,airpods damaged in bag,2026-03-03T13:08:02Z,0,0,0,2026-04-02T13:08:02Z,2026-04-02T13:09:03Z
20260402_210802,member_1,headphones damaged in bag,2026-03-03T13:08:02Z,1,1,56,2026-04-02T13:08:02Z,2026-04-02T13:09:04Z
20260402_210802,member_1,airpods needs a case,2026-03-03T13:08:02Z,5,5,72,2026-04-02T13:08:02Z,2026-04-02T13:09:05Z
20260402_210802,member_1,no good case for ipad,2026-03-03T13:08:02Z,1,1,7,2026-04-02T13:08:02Z,2026-04-02T13:09:06Z
20260402_210802,member_1,airpods scratched easily,2026-03-03T13:08:02Z,4,4,7,2026-04-02T13:08:02Z,2026-04-02T13:09:07Z
20260402_210802,member_1,how to store tablet,2026-03-03T13:08:02Z,25,25,19,2026-04-02T13:08:02Z,2026-04-02T13:09:14Z
20260402_210802,member_1,headphones needs a case,2026-03-03T13:08:02Z,7,7,49,2026-04-02T13:08:02Z,2026-04-02T13:09:16Z
20260402_210802,member_1,how to protect macbook,2026-03-03T13:08:02Z,35,35,1082,2026-04-02T13:08:02Z,2026-04-02T13:09:31Z
20260402_210802,member_1,ipad needs a case,2026-03-03T13:08:02Z,18,18,206,2026-04-02T13:08:02Z,2026-04-02T13:09:35Z
20260402_210802,member_1,macbook easy to break,2026-03-03T13:08:02Z,4,4,549,2026-04-02T13:08:02Z,2026-04-02T13:09:40Z
20260402_210802,member_1,earbuds needs a case,2026-03-03T13:08:02Z,5,5,2,2026-04-02T13:08:02Z,2026-04-02T13:09:41Z
20260402_210802,member_1,how to protect earbuds,2026-03-03T13:08:02Z,62,62,604,2026-04-02T13:08:02Z,2026-04-02T13:09:58Z
20260402_210802,member_1,no good case for earbuds,2026-03-03T13:08:02Z,6,6,1,2026-04-02T13:08:02Z,2026-04-02T13:10:01Z
20260402_210802,member_1,safe storage for ipad,2026-03-03T13:08:02Z,2,2,25,2026-04-02T13:08:02Z,2026-04-02T13:10:02Z
20260402_210802,member_1,how to protect tablet,2026-03-03T13:08:02Z,51,51,429,2026-04-02T13:08:02Z,2026-04-02T13:10:17Z
20260402_210802,member_1,no good case for headphones,2026-03-03T13:08:02Z,4,4,0,2026-04-02T13:08:02Z,2026-04-02T13:10:18Z
20260402_210802,member_1,best way to carry earbuds,2026-03-03T13:08:02Z,0,0,0,2026-04-02T13:08:02Z,2026-04-02T13:10:18Z
20260402_210802,member_1,how to protect airpods,2026-03-03T13:08:02Z,52,52,643,2026-04-02T13:08:02Z,2026-04-02T13:10:31Z
20260402_210802,member_1,best way to carry macbook,2026-03-03T13:08:02Z,0,0,0,2026-04-02T13:08:02Z,2026-04-02T13:10:31Z
20260402_210802,member_1,how to protect ipad,2026-03-03T13:08:02Z,52,52,30,2026-04-02T13:08:02Z,2026-04-02T13:10:41Z
20260402_210802,member_1,ipad scratched easily,2026-03-03T13:08:02Z,6,6,14,2026-04-02T13:08:02Z,2026-04-02T13:10:42Z
20260402_210802,member_1,tablet scratched easily,2026-03-03T13:08:02Z,12,12,19,2026-04-02T13:08:02Z,2026-04-02T13:10:46Z
20260402_210802,member_1,best way to carry ipad,2026-03-03T13:08:02Z,0,0,0,2026-04-02T13:08:02Z,2026-04-02T13:10:46Z
20260402_210802,member_1,how to store macbook,2026-03-03T13:08:02Z,100,100,2135,2026-04-02T13:08:02Z,2026-04-02T13:11:25Z
20260402_210802,member_1,how to store airpods,2026-03-03T13:08:02Z,64,64,1056,2026-04-02T13:08:02Z,2026-04-02T13:11:46Z
20260402_210802,member_1,safe storage for headphones,2026-03-03T13:08:02Z,0,0,0,2026-04-02T13:08:02Z,2026-04-02T13:11:47Z
20260402_210802,member_1,best way to carry airpods,2026-03-03T13:08:02Z,1,1,0,2026-04-02T13:08:02Z,2026-04-02T13:11:48Z
20260402_210802,member_1,tablet easy to break,2026-03-03T13:08:02Z,7,7,14,2026-04-02T13:08:02Z,2026-04-02T13:11:50Z
20260402_210802,member_1,safe storage for tablet,2026-03-03T13:08:02Z,5,5,5,2026-04-02T13:08:02Z,2026-04-02T13:11:51Z
20260402_210802,member_1,ipad damaged in bag,2026-03-03T13:08:02Z,0,0,0,2026-04-02T13:08:02Z,2026-04-02T13:11:51Z
20260402_210802,member_1,headphones easy to break,2026-03-03T13:08:02Z,2,2,8,2026-04-02T13:08:02Z,2026-04-02T13:11:52Z
20260402_210802,member_1,no good case for tablet,2026-03-03T13:08:02Z,2,2,0,2026-04-02T13:08:02Z,2026-04-02T13:11:53Z
20260402_210802,member_1,how to store earbuds,2026-03-03T13:08:02Z,35,35,100,2026-04-02T13:08:02Z,2026-04-02T13:12:02Z
20260402_210802,member_1,headphones scratched easily,2026-03-03T13:08:02Z,7,7,94,2026-04-02T13:08:02Z,2026-04-02T13:12:04Z
20260402_210802,member_1,how to protect headphones,2026-03-03T13:08:02Z,71,71,25,2026-04-02T13:08:02Z,2026-04-02T13:12:20Z
20260402_210802,member_1,macbook damaged in bag,2026-03-03T13:08:02Z,0,0,0,2026-04-02T13:08:02Z,2026-04-02T13:12:20Z
20260402_210802,member_1,best way to carry headphones,2026-03-03T13:08:02Z,0,0,0,2026-04-02T13:08:02Z,2026-04-02T13:12:20Z
20260402_210802,member_1,no good case for airpods,2026-03-03T13:08:02Z,0,0,0,2026-04-02T13:08:02Z,2026-04-02T13:12:21Z
20260402_210802,member_1,tablet needs a case,2026-03-03T13:08:02Z,34,34,419,2026-04-02T13:08:02Z,2026-04-02T13:12:30Z
20260402_210802,member_1,earbuds easy to break,2026-03-03T13:08:02Z,0,0,0,2026-04-02T13:08:02Z,2026-04-02T13:12:30Z
20260402_210802,member_1,how to store ipad,2026-03-03T13:08:02Z,100,100,916,2026-04-02T13:08:02Z,2026-04-02T13:13:02Z
20260402_210802,member_1,macbook needs a case,2026-03-03T13:08:02Z,13,13,212,2026-04-02T13:08:02Z,2026-04-02T13:13:06Z
20260402_210802,member_1,best way to carry tablet,2026-03-03T13:08:02Z,1,1,0,2026-04-02T13:08:02Z,2026-04-02T13:13:07Z
20260402_210802,member_1,headphones travel setup,2026-03-03T13:08:02Z,5,5,10,2026-04-02T13:08:02Z,2026-04-02T13:13:08Z
20260402_210802,member_1,tablet travel setup,2026-03-03T13:08:02Z,13,13,86,2026-04-02T13:08:02Z,2026-04-02T13:13:11Z
20260402_210802,member_1,airpods travel setup,2026-03-03T13:08:02Z,7,7,21,2026-04-02T13:08:02Z,2026-04-02T13:13:14Z
20260402_210802,member_1,tablet daily carry,2026-03-03T13:08:02Z,18,18,13,2026-04-02T13:08:02Z,2026-04-02T13:13:20Z
20260402_210802,member_1,headphones accessories setup,2026-03-03T13:08:02Z,27,27,234,2026-04-02T13:08:02Z,2026-04-02T13:13:31Z
20260402_210802,member_1,headphones bag setup,2026-03-03T13:08:02Z,4,4,15,2026-04-02T13:08:02Z,2026-04-02T13:13:33Z
20260402_210802,member_1,ipad bag setup,2026-03-03T13:08:02Z,40,40,1249,2026-04-02T13:08:02Z,2026-04-02T13:14:01Z
20260402_210802,member_1,airpods bag setup,2026-03-03T13:08:02Z,2,2,10,2026-04-02T13:08:02Z,2026-04-02T13:14:01Z
20260402_210802,member_1,macbook bag setup,2026-03-03T13:08:02Z,30,30,2117,2026-04-02T13:08:02Z,2026-04-02T13:14:25Z
20260402_210802,member_1,earbuds bag setup,2026-03-03T13:08:02Z,2,2,72,2026-04-02T13:08:02Z,2026-04-02T13:14:25Z
20260402_210802,member_1,airpods daily carry,2026-03-03T13:08:02Z,6,6,104,2026-04-02T13:08:02Z,2026-04-02T13:14:29Z
20260402_210802,member_1,ipad travel setup,2026-03-03T13:08:02Z,27,27,321,2026-04-02T13:08:02Z,2026-04-02T13:14:35Z
20260402_210802,member_1,ipad accessories setup,2026-03-03T13:08:02Z,52,52,1994,2026-04-02T13:08:02Z,2026-04-02T13:15:03Z
20260402_210802,member_1,airpods accessories setup,2026-03-03T13:08:02Z,4,4,4,2026-04-02T13:08:02Z,2026-04-02T13:15:06Z
20260402_210802,member_1,earbuds travel setup,2026-03-03T13:08:02Z,4,4,2,2026-04-02T13:08:02Z,2026-04-02T13:15:09Z
20260402_210802,member_1,macbook daily carry,2026-03-03T13:08:02Z,12,12,72,2026-04-02T13:08:02Z,2026-04-02T13:15:12Z
20260402_210802,member_1,tablet bag setup,2026-03-03T13:08:02Z,14,14,915,2026-04-02T13:08:02Z,2026-04-02T13:15:23Z
20260402_210802,member_1,macbook travel setup,2026-03-03T13:08:02Z,22,22,1143,2026-04-02T13:08:02Z,2026-04-02T13:15:39Z
20260402_210802,member_1,macbook accessories setup,2026-03-03T13:08:02Z,100,100,8429,2026-04-02T13:08:02Z,2026-04-02T13:17:14Z
20260402_210802,member_1,earbuds accessories setup,2026-03-03T13:08:02Z,0,0,0,2026-04-02T13:08:02Z,2026-04-02T13:17:14Z
20260402_210802,member_1,headphones daily carry,2026-03-03T13:08:02Z,0,0,0,2026-04-02T13:08:02Z,2026-04-02T13:17:14Z
20260402_210802,member_1,ipad daily carry,2026-03-03T13:08:02Z,0,0,0,2026-04-02T13:08:02Z,2026-04-02T13:17:14Z
20260402_210802,member_1,tablet accessories setup,2026-03-03T13:08:02Z,0,0,0,2026-04-02T13:08:02Z,2026-04-02T13:17:14Z
20260402_210802,member_1,earbuds daily carry,2026-03-03T13:08:02Z,0,0,0,2026-04-02T13:08:02Z,2026-04-02T13:17:14Z
20260402_214822,member_2,best way to carry drone battery,2026-03-03T13:48:22Z,0,0,0,2026-04-02T13:48:22Z,2026-04-02T13:48:23Z
20260402_214822,member_2,no good case for drone,2026-03-03T13:48:22Z,1,1,0,2026-04-02T13:48:22Z,2026-04-02T13:48:24Z
20260402_214822,member_2,drone damaged in bag,2026-03-03T13:48:22Z,1,1,0,2026-04-02T13:48:22Z,2026-04-02T13:48:25Z
20260402_214822,member_2,how to store drone battery,2026-03-03T13:48:22Z,15,15,46,2026-04-02T13:48:22Z,2026-04-02T13:48:32Z
20260402_214822,member_2,gopro damaged in bag,2026-03-03T13:48:22Z,0,0,0,2026-04-02T13:48:22Z,2026-04-02T13:48:32Z
20260402_214822,member_2,drone battery easy to break,2026-03-03T13:48:22Z,0,0,0,2026-04-02T13:48:22Z,2026-04-02T13:48:33Z
20260402_214822,member_2,camera scratched easily,2026-03-03T13:48:22Z,33,33,427,2026-04-02T13:48:22Z,2026-04-02T13:48:45Z
20260402_214822,member_2,safe storage for camera lens,2026-03-03T13:48:22Z,2,2,2,2026-04-02T13:48:22Z,2026-04-02T13:48:47Z
20260402_214822,member_2,camera damaged in bag,2026-03-03T13:48:22Z,2,2,0,2026-04-02T13:48:22Z,2026-04-02T13:48:48Z
20260402_214822,member_2,safe storage for camera,2026-03-03T13:48:22Z,6,6,280,2026-04-02T13:48:22Z,2026-04-02T13:48:52Z
20260402_214822,member_2,camera needs a case,2026-03-03T13:48:22Z,14,14,127,2026-04-02T13:48:22Z,2026-04-02T13:48:56Z
20260402_214822,member_2,how to store gopro,2026-03-03T13:48:22Z,9,9,6,2026-04-02T13:48:22Z,2026-04-02T13:48:59Z
20260402_214822,member_2,gopro easy to break,2026-03-03T13:48:22Z,2,2,19,2026-04-02T13:48:22Z,2026-04-02T13:49:02Z
20260402_214822,member_2,best way to carry drone,2026-03-03T13:48:22Z,1,1,391,2026-04-02T13:48:22Z,2026-04-02T13:49:09Z
20260402_214822,member_2,camera lens damaged in bag,2026-03-03T13:48:22Z,0,0,0,2026-04-02T13:48:22Z,2026-04-02T13:49:10Z
20260402_214822,member_2,camera lens scratched easily,2026-03-03T13:48:22Z,12,12,10,2026-04-02T13:48:22Z,2026-04-02T13:49:15Z
20260402_214822,member_2,drone battery needs a case,2026-03-03T13:48:22Z,1,1,0,2026-04-02T13:48:22Z,2026-04-02T13:49:16Z
20260402_214822,member_2,camera lens needs a case,2026-03-03T13:48:22Z,9,9,26,2026-04-02T13:48:22Z,2026-04-02T13:49:19Z
20260402_214822,member_2,how to protect camera lens,2026-03-03T13:48:22Z,25,25,9,2026-04-02T13:48:22Z,2026-04-02T13:49:27Z
20260402_214822,member_2,no good case for camera lens,2026-03-03T13:48:22Z,3,3,303,2026-04-02T13:48:22Z,2026-04-02T13:49:30Z
20260402_214822,member_2,gopro scratched easily,2026-03-03T13:48:22Z,1,1,3,2026-04-02T13:48:22Z,2026-04-02T13:49:31Z
20260402_214822,member_2,how to protect gopro,2026-03-03T13:48:22Z,9,9,45,2026-04-02T13:48:22Z,2026-04-02T13:49:35Z
20260402_214822,member_2,how to protect camera,2026-03-03T13:48:22Z,25,25,19,2026-04-02T13:48:22Z,2026-04-02T13:49:47Z
20260402_214822,member_2,safe storage for gopro,2026-03-03T13:48:22Z,0,0,0,2026-04-02T13:48:22Z,2026-04-02T13:49:47Z
20260402_214822,member_2,no good case for drone battery,2026-03-03T13:48:22Z,0,0,0,2026-04-02T13:48:22Z,2026-04-02T13:49:48Z
20260402_214822,member_2,camera easy to break,2026-03-03T13:48:22Z,7,7,117,2026-04-02T13:48:22Z,2026-04-02T13:49:50Z
20260402_214822,member_2,best way to carry camera lens,2026-03-03T13:48:22Z,3,3,4,2026-04-02T13:48:22Z,2026-04-02T13:49:53Z
20260402_214822,member_2,gopro needs a case,2026-03-03T13:48:22Z,1,1,0,2026-04-02T13:48:22Z,2026-04-02T13:49:54Z
20260402_214822,member_2,how to store camera,2026-03-03T13:48:22Z,69,69,1877,2026-04-02T13:48:22Z,2026-04-02T13:50:37Z
20260402_214822,member_2,drone battery scratched easily,2026-03-03T13:48:22Z,0,0,0,2026-04-02T13:48:22Z,2026-04-02T13:50:38Z
20260402_214822,member_2,drone scratched easily,2026-03-03T13:48:22Z,20,20,39,2026-04-02T13:48:22Z,2026-04-02T13:50:42Z
20260402_214822,member_2,best way to carry camera,2026-03-03T13:48:22Z,3,3,5,2026-04-02T13:48:22Z,2026-04-02T13:50:43Z
20260402_214822,member_2,no good case for gopro,2026-03-03T13:48:22Z,1,1,0,2026-04-02T13:48:22Z,2026-04-02T13:50:44Z
20260402_214822,member_2,drone needs a case,2026-03-03T13:48:22Z,1,1,0,2026-04-02T13:48:22Z,2026-04-02T13:50:46Z
20260402_214822,member_2,how to protect drone battery,2026-03-03T13:48:22Z,16,16,62,2026-04-02T13:48:22Z,2026-04-02T13:50:50Z
20260402_214822,member_2,how to store camera lens,2026-03-03T13:48:22Z,100,100,864,2026-04-02T13:48:22Z,2026-04-02T13:51:40Z
20260402_214822,member_2,drone easy to break,2026-03-03T13:48:22Z,9,9,576,2026-04-02T13:48:22Z,2026-04-02T13:51:50Z
20260402_214822,member_2,how to protect drone,2026-03-03T13:48:22Z,98,98,1462,2026-04-02T13:48:22Z,2026-04-02T13:52:36Z
20260402_214822,member_2,drone battery damaged in bag,2026-03-03T13:48:22Z,1,1,0,2026-04-02T13:48:22Z,2026-04-02T13:52:36Z
20260402_214822,member_2,safe storage for drone,2026-03-03T13:48:22Z,13,13,24,2026-04-02T13:48:22Z,2026-04-02T13:52:40Z
20260402_214822,member_2,no good case for camera,2026-03-03T13:48:22Z,4,4,651,2026-04-02T13:48:22Z,2026-04-02T13:52:45Z
20260402_214822,member_2,camera lens easy to break,2026-03-03T13:48:22Z,2,2,2,2026-04-02T13:48:22Z,2026-04-02T13:52:46Z
20260402_214822,member_2,best way to carry gopro,2026-03-03T13:48:22Z,1,1,0,2026-04-02T13:48:22Z,2026-04-02T13:52:47Z
20260402_214822,member_2,safe storage for drone battery,2026-03-03T13:48:22Z,6,6,2,2026-04-02T13:48:22Z,2026-04-02T13:52:50Z
20260402_214822,member_2,camera travel setup,2026-03-03T13:48:22Z,25,25,191,2026-04-02T13:48:22Z,2026-04-02T13:52:56Z
20260402_214822,member_2,camera daily carry,2026-03-03T13:48:22Z,20,20,97,2026-04-02T13:48:22Z,2026-04-02T13:53:02Z
20260402_214822,member_2,drone daily carry,2026-03-03T13:48:22Z,10,10,226,2026-04-02T13:48:22Z,2026-04-02T13:53:05Z
20260402_214822,member_2,camera lens daily carry,2026-03-03T13:48:22Z,31,31,129,2026-04-02T13:48:22Z,2026-04-02T13:53:17Z
20260402_214822,member_2,camera lens travel setup,2026-03-03T13:48:22Z,28,28,130,2026-04-02T13:48:22Z,2026-04-02T13:53:27Z
20260402_214822,member_2,gopro accessories setup,2026-03-03T13:48:22Z,74,74,520,2026-04-02T13:48:22Z,2026-04-02T13:54:02Z
20260402_214822,member_2,drone battery daily carry,2026-03-03T13:48:22Z,2,2,0,2026-04-02T13:48:22Z,2026-04-02T13:54:04Z
20260402_214822,member_2,drone battery bag setup,2026-03-03T13:48:22Z,6,6,93,2026-04-02T13:48:22Z,2026-04-02T13:54:08Z
20260402_214822,member_2,gopro bag setup,2026-03-03T13:48:22Z,12,12,52,2026-04-02T13:48:22Z,2026-04-02T13:54:15Z
20260402_214822,member_2,camera accessories setup,2026-03-03T13:48:22Z,100,100,908,2026-04-02T13:48:22Z,2026-04-02T13:55:02Z
20260402_214822,member_2,drone accessories setup,2026-03-03T13:48:22Z,18,18,246,2026-04-02T13:48:22Z,2026-04-02T13:55:11Z
20260402_214822,member_2,drone battery accessories setup,2026-03-03T13:48:22Z,4,4,130,2026-04-02T13:48:22Z,2026-04-02T13:55:13Z
20260402_214822,member_2,camera lens bag setup,2026-03-03T13:48:22Z,25,25,174,2026-04-02T13:48:22Z,2026-04-02T13:55:25Z
20260402_214822,member_2,gopro daily carry,2026-03-03T13:48:22Z,6,6,12,2026-04-02T13:48:22Z,2026-04-02T13:55:28Z
20260402_214822,member_2,drone bag setup,2026-03-03T13:48:22Z,13,13,95,2026-04-02T13:48:22Z,2026-04-02T13:55:40Z
20260402_214822,member_2,gopro travel setup,2026-03-03T13:48:22Z,22,22,255,2026-04-02T13:48:22Z,2026-04-02T13:55:52Z
20260402_214822,member_2,drone battery travel setup,2026-03-03T13:48:22Z,2,2,6,2026-04-02T13:48:22Z,2026-04-02T13:55:54Z
20260402_214822,member_2,camera lens accessories setup,2026-03-03T13:48:22Z,72,72,1080,2026-04-02T13:48:22Z,2026-04-02T13:56:34Z
20260402_215728,member_3,ssd needs a case,2026-03-03T13:57:29Z,2,2,5,2026-04-02T13:57:29Z,2026-04-02T13:57:30Z
20260402_215728,member_3,safe storage for hard drive,2026-03-03T13:57:29Z,26,26,284,2026-04-02T13:57:29Z,2026-04-02T13:57:44Z
20260402_215728,member_3,how to protect charger,2026-03-03T13:57:29Z,25,25,45,2026-04-02T13:57:29Z,2026-04-02T13:57:55Z
20260402_215728,member_3,hard drive scratched easily,2026-03-03T13:57:29Z,4,4,2,2026-04-02T13:57:29Z,2026-04-02T13:57:57Z
20260402_215728,member_3,charger easy to break,2026-03-03T13:57:29Z,4,4,12,2026-04-02T13:57:29Z,2026-04-02T13:57:58Z
20260402_215728,member_3,ssd scratched easily,2026-03-03T13:57:29Z,1,1,108,2026-04-02T13:57:29Z,2026-04-02T13:58:00Z
20260402_215728,member_3,cables damaged in bag,2026-03-03T13:57:29Z,0,0,0,2026-04-02T13:57:29Z,2026-04-02T13:58:01Z
20260402_215728,member_3,cables scratched easily,2026-03-03T13:57:29Z,4,4,5,2026-04-02T13:57:29Z,2026-04-02T13:58:05Z
20260402_215728,member_3,power bank damaged in bag,2026-03-03T13:57:29Z,0,0,0,2026-04-02T13:57:29Z,2026-04-02T13:58:07Z
20260402_215728,member_3,hard drive needs a case,2026-03-03T13:57:29Z,0,0,0,2026-04-02T13:57:29Z,2026-04-02T13:58:07Z
20260402_215728,member_3,adapter scratched easily,2026-03-03T13:57:29Z,0,0,0,2026-04-02T13:57:29Z,2026-04-02T13:58:08Z
20260402_215728,member_3,how to protect cables,2026-03-03T13:57:29Z,85,85,191,2026-04-02T13:57:29Z,2026-04-02T13:58:39Z
20260402_215728,member_3,safe storage for ssd,2026-03-03T13:57:29Z,4,4,0,2026-04-02T13:57:29Z,2026-04-02T13:58:40Z
20260402_215728,member_3,cables easy to break,2026-03-03T13:57:29Z,7,7,12,2026-04-02T13:57:29Z,2026-04-02T13:58:43Z
20260402_215728,member_3,no good case for adapter,2026-03-03T13:57:29Z,1,1,0,2026-04-02T13:57:29Z,2026-04-02T13:58:44Z
20260402_215728,member_3,adapter damaged in bag,2026-03-03T13:57:29Z,0,0,0,2026-04-02T13:57:29Z,2026-04-02T13:58:44Z
20260402_215728,member_3,safe storage for charger,2026-03-03T13:57:29Z,1,1,0,2026-04-02T13:57:29Z,2026-04-02T13:58:45Z
20260402_215728,member_3,how to protect power bank,2026-03-03T13:57:29Z,27,27,30,2026-04-02T13:57:29Z,2026-04-02T13:58:57Z
20260402_215728,member_3,how to store hard drive,2026-03-03T13:57:29Z,100,100,1028,2026-04-02T13:57:29Z,2026-04-02T13:59:44Z
20260402_215728,member_3,charger damaged in bag,2026-03-03T13:57:29Z,0,0,0,2026-04-02T13:57:29Z,2026-04-02T13:59:45Z
20260402_215728,member_3,charger needs a case,2026-03-03T13:57:29Z,15,15,21,2026-04-02T13:57:29Z,2026-04-02T13:59:49Z
20260402_215728,member_3,adapter easy to break,2026-03-03T13:57:29Z,0,0,0,2026-04-02T13:57:29Z,2026-04-02T13:59:50Z
20260402_215728,member_3,charger scratched easily,2026-03-03T13:57:29Z,1,1,0,2026-04-02T13:57:29Z,2026-04-02T13:59:53Z
20260402_215728,member_3,how to store ssd,2026-03-03T13:57:29Z,83,83,476,2026-04-02T13:57:29Z,2026-04-02T14:00:33Z
20260402_215728,member_3,best way to carry power bank,2026-03-03T13:57:29Z,3,3,22,2026-04-02T13:57:29Z,2026-04-02T14:00:35Z
20260402_215728,member_3,ssd damaged in bag,2026-03-03T13:57:29Z,0,0,0,2026-04-02T13:57:29Z,2026-04-02T14:00:36Z
20260402_215728,member_3,how to store usb hub,2026-03-03T13:57:29Z,42,42,55,2026-04-02T13:57:29Z,2026-04-02T14:00:45Z
20260402_215728,member_3,how to protect hard drive,2026-03-03T13:57:29Z,25,25,341,2026-04-02T13:57:29Z,2026-04-02T14:00:53Z
20260402_215728,member_3,usb hub needs a case,2026-03-03T13:57:29Z,0,0,0,2026-04-02T13:57:29Z,2026-04-02T14:00:53Z
20260402_215728,member_3,hard drive easy to break,2026-03-03T13:57:29Z,0,0,0,2026-04-02T13:57:29Z,2026-04-02T14:00:54Z
20260402_215728,member_3,no good case for cables,2026-03-03T13:57:29Z,1,1,35,2026-04-02T13:57:29Z,2026-04-02T14:00:55Z
20260402_215728,member_3,usb hub easy to break,2026-03-03T13:57:29Z,0,0,0,2026-04-02T13:57:29Z,2026-04-02T14:00:55Z
20260402_215728,member_3,how to store adapter,2026-03-03T13:57:29Z,21,21,5,2026-04-02T13:57:29Z,2026-04-02T14:01:05Z
20260402_215728,member_3,how to protect adapter,2026-03-03T13:57:29Z,18,18,141,2026-04-02T13:57:29Z,2026-04-02T14:01:12Z
20260402_215728,member_3,no good case for power bank,2026-03-03T13:57:29Z,1,1,0,2026-04-02T13:57:29Z,2026-04-02T14:01:13Z
20260402_215728,member_3,how to protect ssd,2026-03-03T13:57:29Z,7,7,12,2026-04-02T13:57:29Z,2026-04-02T14:01:16Z
20260402_215728,member_3,safe storage for cables,2026-03-03T13:57:29Z,13,13,1,2026-04-02T13:57:29Z,2026-04-02T14:01:19Z
20260402_215728,member_3,adapter needs a case,2026-03-03T13:57:29Z,0,0,0,2026-04-02T13:57:29Z,2026-04-02T14:01:20Z
20260402_215728,member_3,best way to carry hard drive,2026-03-03T13:57:29Z,1,1,0,2026-04-02T13:57:29Z,2026-04-02T14:01:20Z
20260402_215728,member_3,usb hub damaged in bag,2026-03-03T13:57:29Z,0,0,0,2026-04-02T13:57:29Z,2026-04-02T14:01:21Z
20260402_215728,member_3,best way to carry usb hub,2026-03-03T13:57:29Z,2,2,1,2026-04-02T13:57:29Z,2026-04-02T14:01:22Z
20260402_215728,member_3,safe storage for adapter,2026-03-03T13:57:29Z,0,0,0,2026-04-02T13:57:29Z,2026-04-02T14:01:22Z
20260402_215728,member_3,best way to carry ssd,2026-03-03T13:57:29Z,1,1,143,2026-04-02T13:57:29Z,2026-04-02T14:01:23Z
20260402_215728,member_3,how to store charger,2026-03-03T13:57:29Z,55,55,137,2026-04-02T13:57:29Z,2026-04-02T14:01:35Z
20260402_215728,member_3,power bank scratched easily,2026-03-03T13:57:29Z,5,5,6,2026-04-02T13:57:29Z,2026-04-02T14:01:38Z
20260402_215728,member_3,best way to carry charger,2026-03-03T13:57:29Z,0,0,0,2026-04-02T13:57:29Z,2026-04-02T14:01:38Z
20260402_215728,member_3,ssd easy to break,2026-03-03T13:57:29Z,0,0,0,2026-04-02T13:57:29Z,2026-04-02T14:01:38Z
20260402_215728,member_3,usb hub scratched easily,2026-03-03T13:57:29Z,0,0,0,2026-04-02T13:57:29Z,2026-04-02T14:01:39Z
20260402_215728,member_3,how to protect usb hub,2026-03-03T13:57:29Z,5,5,44,2026-04-02T13:57:29Z,2026-04-02T14:01:41Z
20260402_215728,member_3,power bank needs a case,2026-03-03T13:57:29Z,6,6,7,2026-04-02T13:57:29Z,2026-04-02T14:01:42Z
20260402_215728,member_3,no good case for hard drive,2026-03-03T13:57:29Z,3,3,17,2026-04-02T13:57:29Z,2026-04-02T14:01:45Z
20260402_215728,member_3,best way to carry cables,2026-03-03T13:57:29Z,0,0,0,2026-04-02T13:57:29Z,2026-04-02T14:01:45Z
20260402_215728,member_3,power bank easy to break,2026-03-03T13:57:29Z,0,0,0,2026-04-02T13:57:29Z,2026-04-02T14:01:47Z
20260402_215728,member_3,how to store power bank,2026-03-03T13:57:29Z,100,100,163,2026-04-02T13:57:29Z,2026-04-02T14:02:09Z
20260402_215728,member_3,hard drive damaged in bag,2026-03-03T13:57:29Z,0,0,0,2026-04-02T13:57:29Z,2026-04-02T14:02:09Z
20260402_215728,member_3,safe storage for power bank,2026-03-03T13:57:29Z,9,9,4,2026-04-02T13:57:29Z,2026-04-02T14:02:13Z
20260402_215728,member_3,no good case for charger,2026-03-03T13:57:29Z,1,1,35,2026-04-02T13:57:29Z,2026-04-02T14:02:13Z
20260402_215728,member_3,no good case for usb hub,2026-03-03T13:57:29Z,0,0,0,2026-04-02T13:57:29Z,2026-04-02T14:02:14Z
20260402_215728,member_3,cables needs a case,2026-03-03T13:57:29Z,3,3,3,2026-04-02T13:57:29Z,2026-04-02T14:02:15Z
20260402_215728,member_3,best way to carry adapter,2026-03-03T13:57:29Z,0,0,0,2026-04-02T13:57:29Z,2026-04-02T14:02:15Z
20260402_215728,member_3,power bank bag setup,2026-03-03T13:57:29Z,4,4,275,2026-04-02T13:57:29Z,2026-04-02T14:02:17Z
20260402_215728,member_3,hard drive bag setup,2026-03-03T13:57:29Z,3,3,8,2026-04-02T13:57:29Z,2026-04-02T14:02:18Z
20260402_215728,member_3,power bank travel setup,2026-03-03T13:57:29Z,20,20,180,2026-04-02T13:57:29Z,2026-04-02T14:02:24Z
20260402_215728,member_3,ssd bag setup,2026-03-03T13:57:29Z,1,1,0,2026-04-02T13:57:29Z,2026-04-02T14:02:25Z
20260402_215728,member_3,charger travel setup,2026-03-03T13:57:29Z,29,29,79,2026-04-02T13:57:29Z,2026-04-02T14:02:33Z
20260402_215728,member_3,adapter travel setup,2026-03-03T13:57:29Z,9,9,10,2026-04-02T13:57:29Z,2026-04-02T14:02:35Z
20260402_215728,member_3,usb hub bag setup,2026-03-03T13:57:29Z,0,0,0,2026-04-02T13:57:29Z,2026-04-02T14:02:36Z
20260402_215728,member_3,ssd daily carry,2026-03-03T13:57:29Z,1,1,0,2026-04-02T13:57:29Z,2026-04-02T14:02:36Z
20260402_215728,member_3,power bank accessories setup,2026-03-03T13:57:29Z,25,25,553,2026-04-02T13:57:29Z,2026-04-02T14:02:49Z
20260402_215728,member_3,adapter bag setup,2026-03-03T13:57:29Z,3,3,0,2026-04-02T13:57:29Z,2026-04-02T14:02:50Z
20260402_215728,member_3,adapter accessories setup,2026-03-03T13:57:29Z,29,29,129,2026-04-02T13:57:29Z,2026-04-02T14:03:03Z
20260402_215728,member_3,charger bag setup,2026-03-03T13:57:29Z,10,10,203,2026-04-02T13:57:29Z,2026-04-02T14:03:10Z
20260402_215728,member_3,cables travel setup,2026-03-03T13:57:29Z,11,11,11,2026-04-02T13:57:29Z,2026-04-02T14:03:14Z
20260402_215728,member_3,cables bag setup,2026-03-03T13:57:29Z,4,4,1,2026-04-02T13:57:29Z,2026-04-02T14:03:17Z
20260402_215728,member_3,charger daily carry,2026-03-03T13:57:29Z,16,16,71,2026-04-02T13:57:29Z,2026-04-02T14:03:22Z
20260402_215728,member_3,usb hub travel setup,2026-03-03T13:57:29Z,5,5,3,2026-04-02T13:57:29Z,2026-04-02T14:03:24Z
20260402_215728,member_3,ssd accessories setup,2026-03-03T13:57:29Z,11,11,338,2026-04-02T13:57:29Z,2026-04-02T14:03:29Z
20260402_215728,member_3,charger accessories setup,2026-03-03T13:57:29Z,25,25,814,2026-04-02T13:57:29Z,2026-04-02T14:03:38Z
20260402_215728,member_3,hard drive daily carry,2026-03-03T13:57:29Z,0,0,0,2026-04-02T13:57:29Z,2026-04-02T14:03:39Z
20260402_215728,member_3,hard drive travel setup,2026-03-03T13:57:29Z,2,2,0,2026-04-02T13:57:29Z,2026-04-02T14:03:40Z
20260402_215728,member_3,usb hub daily carry,2026-03-03T13:57:29Z,1,1,1,2026-04-02T13:57:29Z,2026-04-02T14:03:40Z
20260402_215728,member_3,hard drive accessories setup,2026-03-03T13:57:29Z,12,12,57,2026-04-02T13:57:29Z,2026-04-02T14:03:45Z
20260402_215728,member_3,ssd travel setup,2026-03-03T13:57:29Z,1,1,530,2026-04-02T13:57:29Z,2026-04-02T14:03:50Z
20260402_215728,member_3,cables accessories setup,2026-03-03T13:57:29Z,41,41,84,2026-04-02T13:57:29Z,2026-04-02T14:04:01Z
20260402_215728,member_3,power bank daily carry,2026-03-03T13:57:29Z,0,0,0,2026-04-02T13:57:29Z,2026-04-02T14:04:01Z
20260402_215728,member_3,adapter daily carry,2026-03-03T13:57:29Z,0,0,0,2026-04-02T13:57:29Z,2026-04-02T14:04:01Z
20260402_215728,member_3,usb hub accessories setup,2026-03-03T13:57:29Z,0,0,0,2026-04-02T13:57:29Z,2026-04-02T14:04:01Z
20260402_215728,member_3,cables daily carry,2026-03-03T13:57:29Z,0,0,0,2026-04-02T13:57:29Z,2026-04-02T14:04:02Z
20260402_220643,member_4,watches scratched easily,2026-03-03T14:06:43Z,14,14,19,2026-04-02T14:06:43Z,2026-04-02T14:06:46Z
20260402_220643,member_4,keyboard scratched easily,2026-03-03T14:06:43Z,28,28,99,2026-04-02T14:06:43Z,2026-04-02T14:06:56Z
20260402_220643,member_4,how to store collectibles,2026-03-03T14:06:43Z,100,100,484,2026-04-02T14:06:43Z,2026-04-02T14:07:23Z
20260402_220643,member_4,no good case for figurines,2026-03-03T14:06:43Z,1,1,4,2026-04-02T14:06:43Z,2026-04-02T14:07:24Z
20260402_220643,member_4,how to protect switch,2026-03-03T14:06:43Z,39,39,74,2026-04-02T14:06:43Z,2026-04-02T14:07:32Z
20260402_220643,member_4,keyboard damaged in bag,2026-03-03T14:06:43Z,2,2,1,2026-04-02T14:06:43Z,2026-04-02T14:07:33Z
20260402_220643,member_4,safe storage for watches,2026-03-03T14:06:43Z,53,53,332,2026-04-02T14:06:43Z,2026-04-02T14:07:48Z
20260402_220643,member_4,best way to carry figurines,2026-03-03T14:06:43Z,1,1,6,2026-04-02T14:06:43Z,2026-04-02T14:07:49Z
20260402_220643,member_4,how to store steam deck,2026-03-03T14:06:43Z,100,100,1450,2026-04-02T14:06:43Z,2026-04-02T14:08:29Z
20260402_220643,member_4,watches damaged in bag,2026-03-03T14:06:43Z,2,2,0,2026-04-02T14:06:43Z,2026-04-02T14:08:30Z
20260402_220643,member_4,how to protect makeup,2026-03-03T14:06:43Z,67,67,777,2026-04-02T14:06:43Z,2026-04-02T14:08:57Z
20260402_220643,member_4,gaming gear damaged in bag,2026-03-03T14:06:43Z,1,1,0,2026-04-02T14:06:43Z,2026-04-02T14:08:57Z
20260402_220643,member_4,best way to carry collectibles,2026-03-03T14:06:43Z,0,0,0,2026-04-02T14:06:43Z,2026-04-02T14:08:58Z
20260402_220643,member_4,makeup easy to break,2026-03-03T14:06:43Z,15,15,149,2026-04-02T14:06:43Z,2026-04-02T14:09:04Z
20260402_220643,member_4,safe storage for steam deck,2026-03-03T14:06:43Z,0,0,0,2026-04-02T14:06:43Z,2026-04-02T14:09:05Z
20260402_220643,member_4,switch scratched easily,2026-03-03T14:06:43Z,22,22,241,2026-04-02T14:06:43Z,2026-04-02T14:09:10Z
20260402_220643,member_4,how to protect keyboard,2026-03-03T14:06:43Z,10,10,13,2026-04-02T14:06:43Z,2026-04-02T14:09:13Z
20260402_220643,member_4,how to store gaming gear,2026-03-03T14:06:43Z,25,25,425,2026-04-02T14:06:43Z,2026-04-02T14:09:33Z
20260402_220643,member_4,jewelry scratched easily,2026-03-03T14:06:43Z,43,43,82,2026-04-02T14:06:43Z,2026-04-02T14:09:45Z
20260402_220643,member_4,collectibles damaged in bag,2026-03-03T14:06:43Z,0,0,0,2026-04-02T14:06:43Z,2026-04-02T14:09:45Z
20260402_220643,member_4,how to store cards,2026-03-03T14:06:43Z,100,100,1811,2026-04-02T14:06:43Z,2026-04-02T14:10:32Z
20260402_220643,member_4,figurines needs a case,2026-03-03T14:06:43Z,3,3,6,2026-04-02T14:06:43Z,2026-04-02T14:10:33Z
20260402_220643,member_4,cards scratched easily,2026-03-03T14:06:43Z,75,75,577,2026-04-02T14:06:43Z,2026-04-02T14:10:57Z
20260402_220643,member_4,safe storage for gaming gear,2026-03-03T14:06:43Z,0,0,0,2026-04-02T14:06:43Z,2026-04-02T14:10:57Z
20260402_220643,member_4,gaming gear needs a case,2026-03-03T14:06:43Z,0,0,0,2026-04-02T14:06:43Z,2026-04-02T14:10:57Z
20260402_220643,member_4,best way to carry steam deck,2026-03-03T14:06:43Z,0,0,0,2026-04-02T14:06:43Z,2026-04-02T14:10:58Z
20260402_220643,member_4,safe storage for figurines,2026-03-03T14:06:43Z,1,1,0,2026-04-02T14:06:43Z,2026-04-02T14:10:58Z
20260402_220643,member_4,figurines scratched easily,2026-03-03T14:06:43Z,2,2,2,2026-04-02T14:06:43Z,2026-04-02T14:11:00Z
20260402_220643,member_4,gaming gear scratched easily,2026-03-03T14:06:43Z,2,2,4,2026-04-02T14:06:43Z,2026-04-02T14:11:02Z
20260402_220643,member_4,safe storage for cards,2026-03-03T14:06:43Z,7,7,3,2026-04-02T14:06:43Z,2026-04-02T14:11:05Z
20260402_220643,member_4,how to protect steam deck,2026-03-03T14:06:43Z,2,2,0,2026-04-02T14:06:43Z,2026-04-02T14:11:05Z
20260402_220643,member_4,figurines easy to break,2026-03-03T14:06:43Z,1,1,0,2026-04-02T14:06:43Z,2026-04-02T14:11:06Z
20260402_220643,member_4,switch easy to break,2026-03-03T14:06:43Z,1,1,0,2026-04-02T14:06:43Z,2026-04-02T14:11:07Z
20260402_220643,member_4,watches needs a case,2026-03-03T14:06:43Z,10,10,36,2026-04-02T14:06:43Z,2026-04-02T14:11:10Z
20260402_220643,member_4,best way to carry jewelry,2026-03-03T14:06:43Z,0,0,0,2026-04-02T14:06:43Z,2026-04-02T14:11:11Z
20260402_220643,member_4,no good case for steam deck,2026-03-03T14:06:43Z,1,1,1,2026-04-02T14:06:43Z,2026-04-02T14:11:12Z
20260402_220643,member_4,how to protect jewelry,2026-03-03T14:06:43Z,75,75,98,2026-04-02T14:06:43Z,2026-04-02T14:11:28Z
20260402_220643,member_4,no good case for gaming gear,2026-03-03T14:06:43Z,0,0,0,2026-04-02T14:06:43Z,2026-04-02T14:11:28Z
20260402_220643,member_4,no good case for switch,2026-03-03T14:06:43Z,3,3,9,2026-04-02T14:06:43Z,2026-04-02T14:11:30Z
20260402_220643,member_4,cards needs a case,2026-03-03T14:06:43Z,16,16,12,2026-04-02T14:06:43Z,2026-04-02T14:11:35Z
20260402_220643,member_4,how to protect gaming gear,2026-03-03T14:06:43Z,28,28,421,2026-04-02T14:06:43Z,2026-04-02T14:11:43Z
20260402_220643,member_4,how to store keyboard,2026-03-03T14:06:43Z,86,86,352,2026-04-02T14:06:43Z,2026-04-02T14:12:10Z
20260402_220643,member_4,safe storage for makeup,2026-03-03T14:06:43Z,1,1,1,2026-04-02T14:06:43Z,2026-04-02T14:12:13Z
20260402_220643,member_4,no good case for keyboard,2026-03-03T14:06:43Z,2,2,14,2026-04-02T14:06:43Z,2026-04-02T14:12:14Z
20260402_220643,member_4,jewelry damaged in bag,2026-03-03T14:06:43Z,2,2,19,2026-04-02T14:06:43Z,2026-04-02T14:12:15Z
20260402_220643,member_4,steam deck scratched easily,2026-03-03T14:06:43Z,1,1,0,2026-04-02T14:06:43Z,2026-04-02T14:12:16Z
20260402_220643,member_4,keyboard needs a case,2026-03-03T14:06:43Z,10,10,4,2026-04-02T14:06:43Z,2026-04-02T14:12:20Z
20260402_220643,member_4,safe storage for switch,2026-03-03T14:06:43Z,4,4,0,2026-04-02T14:06:43Z,2026-04-02T14:12:21Z
20260402_220643,member_4,steam deck damaged in bag,2026-03-03T14:06:43Z,0,0,0,2026-04-02T14:06:43Z,2026-04-02T14:12:21Z
20260402_220643,member_4,best way to carry watches,2026-03-03T14:06:43Z,6,6,383,2026-04-02T14:06:43Z,2026-04-02T14:12:25Z
20260402_220643,member_4,switch damaged in bag,2026-03-03T14:06:43Z,0,0,0,2026-04-02T14:06:43Z,2026-04-02T14:12:25Z
20260402_220643,member_4,makeup needs a case,2026-03-03T14:06:43Z,15,15,29,2026-04-02T14:06:43Z,2026-04-02T14:12:30Z
20260402_220643,member_4,switch needs a case,2026-03-03T14:06:43Z,12,12,49,2026-04-02T14:06:43Z,2026-04-02T14:12:34Z
20260402_220643,member_4,how to store figurines,2026-03-03T14:06:43Z,97,97,811,2026-04-02T14:06:43Z,2026-04-02T14:13:06Z
20260402_220643,member_4,how to protect watches,2026-03-03T14:06:43Z,46,46,124,2026-04-02T14:06:43Z,2026-04-02T14:13:19Z
20260402_220643,member_4,cards damaged in bag,2026-03-03T14:06:43Z,1,1,231,2026-04-02T14:06:43Z,2026-04-02T14:13:22Z
20260402_220643,member_4,makeup damaged in bag,2026-03-03T14:06:43Z,1,1,135,2026-04-02T14:06:43Z,2026-04-02T14:13:25Z
20260402_220643,member_4,how to protect collectibles,2026-03-03T14:06:43Z,7,7,0,2026-04-02T14:06:43Z,2026-04-02T14:13:27Z
20260402_220643,member_4,no good case for watches,2026-03-03T14:06:43Z,2,2,171,2026-04-02T14:06:43Z,2026-04-02T14:13:29Z
20260402_220643,member_4,jewelry easy to break,2026-03-03T14:06:43Z,7,7,47,2026-04-02T14:06:43Z,2026-04-02T14:13:33Z
20260402_220643,member_4,watches accessories setup,2026-03-03T14:06:43Z,24,24,1385,2026-04-02T14:06:43Z,2026-04-02T14:13:45Z
20260402_220643,member_4,watches travel setup,2026-03-03T14:06:43Z,100,100,150,2026-04-02T14:06:43Z,2026-04-02T14:14:08Z
20260402_220643,member_4,gaming gear accessories setup,2026-03-03T14:06:43Z,50,50,446,2026-04-02T14:06:43Z,2026-04-02T14:14:25Z
20260402_220643,member_4,collectibles daily carry,2026-03-03T14:06:43Z,11,11,95,2026-04-02T14:06:43Z,2026-04-02T14:14:29Z
20260402_220643,member_4,steam deck travel setup,2026-03-03T14:06:43Z,3,3,205,2026-04-02T14:06:43Z,2026-04-02T14:14:34Z
20260402_220643,member_4,gaming gear travel setup,2026-03-03T14:06:43Z,2,2,2,2026-04-02T14:06:43Z,2026-04-02T14:14:35Z
20260402_220643,member_4,makeup bag setup,2026-03-03T14:06:43Z,13,13,336,2026-04-02T14:06:43Z,2026-04-02T14:14:41Z
20260402_220643,member_4,collectibles accessories setup,2026-03-03T14:06:43Z,0,0,0,2026-04-02T14:06:43Z,2026-04-02T14:14:41Z
20260402_220643,member_4,makeup accessories setup,2026-03-03T14:06:43Z,20,20,1036,2026-04-02T14:06:43Z,2026-04-02T14:14:57Z
20260402_220643,member_4,steam deck daily carry,2026-03-03T14:06:43Z,1,1,3,2026-04-02T14:06:43Z,2026-04-02T14:14:58Z
20260402_220643,member_4,collectibles bag setup,2026-03-03T14:06:43Z,0,0,0,2026-04-02T14:06:43Z,2026-04-02T14:14:58Z
20260402_220643,member_4,keyboard bag setup,2026-03-03T14:06:43Z,3,3,88,2026-04-02T14:06:43Z,2026-04-02T14:15:00Z
20260402_220643,member_4,gaming gear bag setup,2026-03-03T14:06:43Z,0,0,0,2026-04-02T14:06:43Z,2026-04-02T14:15:00Z
20260402_220643,member_4,figurines accessories setup,2026-03-03T14:06:43Z,5,5,80,2026-04-02T14:06:43Z,2026-04-02T14:15:01Z
20260402_220643,member_4,cards daily carry,2026-03-03T14:06:43Z,0,0,0,2026-04-02T14:06:43Z,2026-04-02T14:15:02Z
20260402_220643,member_4,keyboard travel setup,2026-03-03T14:06:43Z,21,0,0,2026-04-02T14:06:43Z,2026-04-02T14:15:02Z
20260402_220643,member_4,watches bag setup,2026-03-03T14:06:43Z,0,0,0,2026-04-02T14:06:43Z,2026-04-02T14:15:02Z
20260402_220643,member_4,collectibles travel setup,2026-03-03T14:06:43Z,0,0,0,2026-04-02T14:06:43Z,2026-04-02T14:15:02Z
20260402_220643,member_4,switch travel setup,2026-03-03T14:06:43Z,11,0,0,2026-04-02T14:06:43Z,2026-04-02T14:15:03Z
20260402_220643,member_4,cards bag setup,2026-03-03T14:06:43Z,0,0,0,2026-04-02T14:06:43Z,2026-04-02T14:15:03Z
20260402_220643,member_4,steam deck bag setup,2026-03-03T14:06:43Z,0,0,0,2026-04-02T14:06:43Z,2026-04-02T14:15:03Z
20260402_220643,member_4,keyboard accessories setup,2026-03-03T14:06:43Z,0,0,0,2026-04-02T14:06:43Z,2026-04-02T14:15:03Z
20260402_220643,member_4,switch bag setup,2026-03-03T14:06:43Z,0,0,0,2026-04-02T14:06:43Z,2026-04-02T14:15:03Z
20260402_220643,member_4,figurines bag setup,2026-03-03T14:06:43Z,0,0,0,2026-04-02T14:06:43Z,2026-04-02T14:15:03Z
20260402_220643,member_4,jewelry bag setup,2026-03-03T14:06:43Z,0,0,0,2026-04-02T14:06:43Z,2026-04-02T14:15:03Z
20260402_220643,member_4,switch daily carry,2026-03-03T14:06:43Z,10,10,23,2026-04-02T14:06:43Z,2026-04-02T14:15:05Z
20260402_220643,member_4,figurines daily carry,2026-03-03T14:06:43Z,23,23,9,2026-04-02T14:06:43Z,2026-04-02T14:15:07Z
20260402_220643,member_4,makeup travel setup,2026-03-03T14:06:43Z,0,0,0,2026-04-02T14:06:43Z,2026-04-02T14:15:08Z
20260402_220643,member_4,switch accessories setup,2026-03-03T14:06:43Z,0,0,0,2026-04-02T14:06:43Z,2026-04-02T14:15:08Z
20260402_220643,member_4,cards accessories setup,2026-03-03T14:06:43Z,0,0,0,2026-04-02T14:06:43Z,2026-04-02T14:15:08Z
20260402_220643,member_4,jewelry accessories setup,2026-03-03T14:06:43Z,0,0,0,2026-04-02T14:06:43Z,2026-04-02T14:15:08Z
20260402_220643,member_4,cards travel setup,2026-03-03T14:06:43Z,0,0,0,2026-04-02T14:06:43Z,2026-04-02T14:15:08Z
20260402_220643,member_4,keyboard daily carry,2026-03-03T14:06:43Z,0,0,0,2026-04-02T14:06:43Z,2026-04-02T14:15:08Z
20260402_220643,member_4,jewelry daily carry,2026-03-03T14:06:43Z,0,0,0,2026-04-02T14:06:43Z,2026-04-02T14:15:08Z
20260402_220643,member_4,watches daily carry,2026-03-03T14:06:43Z,0,0,0,2026-04-02T14:06:43Z,2026-04-02T14:15:08Z
20260402_220643,member_4,jewelry travel setup,2026-03-03T14:06:43Z,0,0,0,2026-04-02T14:06:43Z,2026-04-02T14:15:08Z
20260402_220643,member_4,steam deck accessories setup,2026-03-03T14:06:43Z,0,0,0,2026-04-02T14:06:43Z,2026-04-02T14:15:08Z
20260402_220643,member_4,gaming gear daily carry,2026-03-03T14:06:43Z,0,0,0,2026-04-02T14:06:43Z,2026-04-02T14:15:08Z
20260402_220643,member_4,figurines travel setup,2026-03-03T14:06:43Z,0,0,0,2026-04-02T14:06:43Z,2026-04-02T14:15:08Z
20260402_220643,member_4,makeup daily carry,2026-03-03T14:06:43Z,0,0,0,2026-04-02T14:06:43Z,2026-04-02T14:15:08Z
20260402_221907,member_5,safe storage for tools,2026-03-03T14:19:07Z,16,16,5,2026-04-02T14:19:07Z,2026-04-02T14:19:13Z
20260402_221907,member_5,no good case for hiking equipment,2026-03-03T14:19:07Z,0,0,0,2026-04-02T14:19:07Z,2026-04-02T14:19:13Z
20260402_221907,member_5,hiking equipment damaged in bag,2026-03-03T14:19:07Z,1,1,1,2026-04-02T14:19:07Z,2026-04-02T14:19:14Z
20260402_221907,member_5,no good case for tools,2026-03-03T14:19:07Z,2,2,35,2026-04-02T14:19:07Z,2026-04-02T14:19:17Z
20260402_221907,member_5,carry on essentials damaged in bag,2026-03-03T14:19:07Z,0,0,0,2026-04-02T14:19:07Z,2026-04-02T14:19:17Z
20260402_221907,member_5,tools easy to break,2026-03-03T14:19:07Z,60,60,174,2026-04-02T14:19:07Z,2026-04-02T14:19:36Z
20260402_221907,member_5,travel gear scratched easily,2026-03-03T14:19:07Z,0,0,0,2026-04-02T14:19:07Z,2026-04-02T14:19:36Z
20260402_221907,member_5,safe storage for camping gear,2026-03-03T14:19:07Z,3,3,1,2026-04-02T14:19:07Z,2026-04-02T14:19:37Z
20260402_221907,member_5,travel gear damaged in bag,2026-03-03T14:19:07Z,3,3,0,2026-04-02T14:19:07Z,2026-04-02T14:19:39Z
20260402_221907,member_5,safe storage for travel gear,2026-03-03T14:19:07Z,7,7,5,2026-04-02T14:19:07Z,2026-04-02T14:19:42Z
20260402_221907,member_5,travel gear needs a case,2026-03-03T14:19:07Z,2,2,0,2026-04-02T14:19:07Z,2026-04-02T14:19:44Z
20260402_221907,member_5,hiking equipment needs a case,2026-03-03T14:19:07Z,0,0,0,2026-04-02T14:19:07Z,2026-04-02T14:19:44Z
20260402_221907,member_5,carry on essentials easy to break,2026-03-03T14:19:07Z,0,0,0,2026-04-02T14:19:07Z,2026-04-02T14:19:44Z
20260402_221907,member_5,how to store hiking equipment,2026-03-03T14:19:07Z,17,17,13,2026-04-02T14:19:07Z,2026-04-02T14:19:49Z
20260402_221907,member_5,camping gear damaged in bag,2026-03-03T14:19:07Z,2,2,1,2026-04-02T14:19:07Z,2026-04-02T14:19:50Z
20260402_221907,member_5,camping gear scratched easily,2026-03-03T14:19:07Z,4,4,1,2026-04-02T14:19:07Z,2026-04-02T14:19:51Z
20260402_221907,member_5,tools needs a case,2026-03-03T14:19:07Z,19,19,713,2026-04-02T14:19:07Z,2026-04-02T14:20:05Z
20260402_221907,member_5,camping gear needs a case,2026-03-03T14:19:07Z,1,1,0,2026-04-02T14:19:07Z,2026-04-02T14:20:06Z
20260402_221907,member_5,how to protect camping gear,2026-03-03T14:19:07Z,43,43,171,2026-04-02T14:19:07Z,2026-04-02T14:20:26Z
20260402_221907,member_5,no good case for camping gear,2026-03-03T14:19:07Z,0,0,0,2026-04-02T14:19:07Z,2026-04-02T14:20:26Z
20260402_221907,member_5,how to store tools,2026-03-03T14:19:07Z,99,99,148,2026-04-02T14:19:07Z,2026-04-02T14:20:53Z
20260402_221907,member_5,carry on essentials scratched easily,2026-03-03T14:19:07Z,0,0,0,2026-04-02T14:19:07Z,2026-04-02T14:20:53Z
20260402_221907,member_5,how to protect carry on essentials,2026-03-03T14:19:07Z,5,5,2,2026-04-02T14:19:07Z,2026-04-02T14:20:55Z
20260402_221907,member_5,how to protect travel gear,2026-03-03T14:19:07Z,24,24,19,2026-04-02T14:19:07Z,2026-04-02T14:21:00Z
20260402_221907,member_5,safe storage for carry on essentials,2026-03-03T14:19:07Z,0,0,0,2026-04-02T14:19:07Z,2026-04-02T14:21:00Z
20260402_221907,member_5,best way to carry carry on essentials,2026-03-03T14:19:07Z,6,6,226,2026-04-02T14:19:07Z,2026-04-02T14:21:03Z
20260402_221907,member_5,travel gear easy to break,2026-03-03T14:19:07Z,1,1,0,2026-04-02T14:19:07Z,2026-04-02T14:21:05Z
20260402_221907,member_5,best way to carry camping gear,2026-03-03T14:19:07Z,2,2,0,2026-04-02T14:19:07Z,2026-04-02T14:21:06Z
20260402_221907,member_5,carry on essentials needs a case,2026-03-03T14:19:07Z,1,1,20,2026-04-02T14:19:07Z,2026-04-02T14:21:08Z
20260402_221907,member_5,how to store travel gear,2026-03-03T14:19:07Z,29,29,7,2026-04-02T14:19:07Z,2026-04-02T14:21:14Z
20260402_221907,member_5,tools scratched easily,2026-03-03T14:19:07Z,12,12,51,2026-04-02T14:19:07Z,2026-04-02T14:21:20Z
20260402_221907,member_5,safe storage for hiking equipment,2026-03-03T14:19:07Z,1,1,0,2026-04-02T14:19:07Z,2026-04-02T14:21:21Z
20260402_221907,member_5,best way to carry travel gear,2026-03-03T14:19:07Z,9,9,107,2026-04-02T14:19:07Z,2026-04-02T14:21:27Z
20260402_221907,member_5,no good case for carry on essentials,2026-03-03T14:19:07Z,0,0,0,2026-04-02T14:19:07Z,2026-04-02T14:21:27Z
20260402_221907,member_5,hiking equipment easy to break,2026-03-03T14:19:07Z,0,0,0,2026-04-02T14:19:07Z,2026-04-02T14:21:27Z
20260402_221907,member_5,how to protect tools,2026-03-03T14:19:07Z,75,75,87,2026-04-02T14:19:07Z,2026-04-02T14:21:46Z
20260402_221907,member_5,how to store camping gear,2026-03-03T14:19:07Z,76,76,558,2026-04-02T14:19:07Z,2026-04-02T14:22:09Z
20260402_221907,member_5,hiking equipment scratched easily,2026-03-03T14:19:07Z,0,0,0,2026-04-02T14:19:07Z,2026-04-02T14:22:09Z
20260402_221907,member_5,how to protect hiking equipment,2026-03-03T14:19:07Z,17,17,11,2026-04-02T14:19:07Z,2026-04-02T14:22:14Z
20260402_221907,member_5,tools damaged in bag,2026-03-03T14:19:07Z,2,2,19,2026-04-02T14:19:07Z,2026-04-02T14:22:16Z
20260402_221907,member_5,best way to carry hiking equipment,2026-03-03T14:19:07Z,0,0,0,2026-04-02T14:19:07Z,2026-04-02T14:22:16Z
20260402_221907,member_5,no good case for travel gear,2026-03-03T14:19:07Z,0,0,0,2026-04-02T14:19:07Z,2026-04-02T14:22:17Z
20260402_221907,member_5,camping gear easy to break,2026-03-03T14:19:07Z,1,1,4,2026-04-02T14:19:07Z,2026-04-02T14:22:18Z
20260402_221907,member_5,how to store carry on essentials,2026-03-03T14:19:07Z,7,7,24,2026-04-02T14:19:07Z,2026-04-02T14:22:20Z
20260402_221907,member_5,best way to carry tools,2026-03-03T14:19:07Z,18,18,453,2026-04-02T14:19:07Z,2026-04-02T14:22:33Z
20260402_221907,member_5,travel gear travel setup,2026-03-03T14:19:07Z,75,75,782,2026-04-02T14:19:07Z,2026-04-02T14:22:58Z
20260402_221907,member_5,tools bag setup,2026-03-03T14:19:07Z,44,44,729,2026-04-02T14:19:07Z,2026-04-02T14:23:16Z
20260402_221907,member_5,carry on essentials accessories setup,2026-03-03T14:19:07Z,3,3,2,2026-04-02T14:19:07Z,2026-04-02T14:23:17Z
20260402_221907,member_5,travel gear bag setup,2026-03-03T14:19:07Z,32,32,637,2026-04-02T14:19:07Z,2026-04-02T14:23:25Z
20260402_221907,member_5,hiking equipment travel setup,2026-03-03T14:19:07Z,37,37,560,2026-04-02T14:19:07Z,2026-04-02T14:23:38Z
20260402_221907,member_5,camping gear bag setup,2026-03-03T14:19:07Z,39,39,1045,2026-04-02T14:19:07Z,2026-04-02T14:23:50Z
20260402_221907,member_5,hiking equipment accessories setup,2026-03-03T14:19:07Z,3,3,72,2026-04-02T14:19:07Z,2026-04-02T14:23:51Z
20260402_221907,member_5,travel gear accessories setup,2026-03-03T14:19:07Z,4,4,27,2026-04-02T14:19:07Z,2026-04-02T14:23:53Z
20260402_221907,member_5,tools daily carry,2026-03-03T14:19:07Z,100,100,630,2026-04-02T14:19:07Z,2026-04-02T14:24:27Z
20260402_221907,member_5,tools travel setup,2026-03-03T14:19:07Z,21,21,136,2026-04-02T14:19:07Z,2026-04-02T14:24:32Z
20260402_221907,member_5,carry on essentials bag setup,2026-03-03T14:19:07Z,18,18,426,2026-04-02T14:19:07Z,2026-04-02T14:24:53Z
20260402_221907,member_5,travel gear daily carry,2026-03-03T14:19:07Z,54,54,351,2026-04-02T14:19:07Z,2026-04-02T14:25:07Z
20260402_221907,member_5,hiking equipment bag setup,2026-03-03T14:19:07Z,21,21,626,2026-04-02T14:19:07Z,2026-04-02T14:25:21Z
20260402_221907,member_5,tools accessories setup,2026-03-03T14:19:07Z,58,58,146,2026-04-02T14:19:07Z,2026-04-02T14:25:38Z
20260402_221907,member_5,camping gear travel setup,2026-03-03T14:19:07Z,86,86,1267,2026-04-02T14:19:07Z,2026-04-02T14:26:05Z
20260402_221907,member_5,carry on essentials travel setup,2026-03-03T14:19:07Z,4,4,29,2026-04-02T14:19:07Z,2026-04-02T14:26:07Z
20260402_221907,member_5,camping gear accessories setup,2026-03-03T14:19:07Z,16,16,490,2026-04-02T14:19:07Z,2026-04-02T14:26:12Z
20260402_221907,member_5,hiking equipment daily carry,2026-03-03T14:19:07Z,14,14,73,2026-04-02T14:19:07Z,2026-04-02T14:26:17Z
20260402_221907,member_5,carry on essentials daily carry,2026-03-03T14:19:07Z,100,100,706,2026-04-02T14:19:07Z,2026-04-02T14:26:55Z
20260402_221907,member_5,camping gear daily carry,2026-03-03T14:19:07Z,42,42,168,2026-04-02T14:19:07Z,2026-04-02T14:27:05Z
